{
  "module": "Demo",
  "sections": [
    {
      "heading": "Overall",
      "nickname": "section0",
      "imgname": null,
      "imgdata": null,
      "positive": [
        "This report is generally well written and structured appropriately. It includes good sections for introduction and methods section. ",
        "This report provides a very good overview of the experimental procedure performed, results obtained and findings. ",
        "Some sections such as the background are particularly well written and the report flows logically from start to end. ",
        "The report includes a reference to place the study within a wider context. Overall it is a good report, with specific points that could be improved in different sections as stated below.",
        "The report is divided into appropriate sections, each of which mostly targets the expected material."
      ],
      "negative": [
        "This report is too brief. The main body of the report should have been 3 pages long, with a 1-page appendix for sample calculations. Try to ensure that enough detail is provided in all sections which enable a reader to understand the study completed.",
        "I would suggest aiming to ensure that there is more cohesion between sections; for instance, the link between data presented in the results and the key-points highlighted in the discussion could be interlinked further. ",
        "It appears that the rubric presented has not always been followed. For example, the main report is longer than 3 pages, and uses double-spacing. ",
        "In future aim to refer to either the marking criteria provided and/or the rubric presented on how to prepare the report.",
        "The section of the report with greatest scope for improvement are the results and discussion, with further feedback provided below.",
        "An appendix containing sample calculations appears to be missing."
      ]
    },
    {
      "heading": "Introduction & Executive Summary",
      "nickname": "section1",
      "imgname": "execA.png",
      "imgdata": null,
      "positive": [
        "On the positive side, the executive summary provides a good overview of the study, and the introduction and background places the study within a wider context. Further, the aims are clear and backed by objectives.",
        "On the positive side, the executive summary mostly provides an overview of the full report.",
        "On the positive side, the executive summary aims to provide an overview of the full study. ",
        "On the positive side, the executive summary aims to provide an overview of the full study. ",
        "On the positive side, the executive summary provides a good overview of the study, with an aim and conclusion which are consistent with each other. ",
        "On the positive side, the aim is clearly stated in the executive summary. ",
        "On the positive side, an attempt has been made in the introduction to place the report within context.",
        "The introduction is very good because it places the study within context, supported by the use of a reference.",
        "The background provided, places the study within context very well by explaining the wider context and referring to literature.",
        "The aims of the study are clearly stated."
      ],
      "negative": [
        "Aim to write the executive summary using the third person passive style (typically in a past tense).",
        "The executive summary could be improved by making a clearer statement of the aim. ",
        "It is generally recommended to avoid placing equations in an executive summary.",
        "The executive summary could be improved by including actual data in its results section. ",
        "Try to ensure that the executive summary includes sufficient detail. Including a brief outline of the aim, methods, results and conclusion enables the reader to get an overview of the full study. An executive summary is intended to enable a reader to gain a basic understanding of the study performed (including main findings and conclusion). ",
        "However, note that equations should not generally be included in an executive summary. Further, the summary could be improved by following a more conventional structure of: statement of the aim, brief methods, brief results, and finally a conclusion.",
        "Aim to view the executive summary not as an introduction, but as an outline of the full study which a reader might use to decide whether they need to read the full report. ",
        "The aim could be made clearer by being more specific to the study performed. ",
        "For future, note that the equipment to be used is typically stated in the methods rather than the introduction, this is because equipment enables a technical task to be performed.",
        "The introduction could be improved by including objectives which would enable the study aim to be met, these objectives are useful because they provide a link between experimental work (methods) and the study aim (introduction).",
        "The introduction/background could be improved by using references to provide further credibility to the statements of fact made within the background section. ",
        "References are provided at the end of the report but not cited within the text, aim to state exactly where they have been used to guide the background."
      ]
    },
    {
      "heading": "Methods",
      "nickname": "section2",
      "imgname": "methodsA.png",
      "imgdata": null,
      "positive": [
        "The best part of the methods is that the experiments performed are clear and concise, following a logical order.",
        "The best part of the methods is that the explanation of the experiment performed is clearly reported and written concisely.",
        "The best part of the methods is that it is clear, concise and mostly written in language expected of a lab-report. ",
        "Figures have been used to good effect, which has provided clarity while also reducing the written text necessary to explain the experimentation.",
        "The best part of the methods is that an attempt has been made to explain the experimental work undertaken.",
        "The best part of the methods is that in conjunction with the figures included, the methods are reasonably clear and easy to follow. "
      ],
      "negative": [
        "The methods could be improved by using figures to enable text to be written more concisely, without loss of understanding.",
        "Aim to include explanation for the calculation of errors in the methods.",
        "Aim to avoid ambiguity when referring to numbers and units, these should be separated by a space (i.e. 10 g means 10 grams, but 10g refers to 10 times acceleration due to gravity; or, d = 0.9m would refer to distance, d being equal to a variable, m (mass?), times 0.9, but 0.9 m would refer to a distance of 0.9 metres).",
        "I would suggest including a more detailed methods section, for example: fully explaining the work undertaken; separating numbers and units using a space (25g means 25 times gravity, 25 g refers to 25 grams); defining terms in their first use within the text; and providing further detail of the methods used; including any key equations used for calculations.",
        "I would suggest ensuring that all figures used are of high-quality, if the schematic available is not ideal, this can simply be re-drawn digitally.",
        "Aim to avoid writing the methods section in the form of a lab-manual. A methods section in a formal report is intended to explain the experimental details (e.g. masses placed, position, etc), rather than to provide a list of tasks performed to be performed when using the equipment (i.e. avoiding statements such as \"lift off the safety dome\"). It is useful to note the difference between a formal report (to be read) and a lab-manual (to be followed in a lab while performing an experiment)."
      ]
    },
    {
      "heading": "Results",
      "nickname": "section3",
      "imgname": "resultsA.png",
      "imgdata": null,
      "positive": [
        "The best part of the results is that it includes pertinent findings and follows a logical order. ",
        "The best part of the results is that data is presented concisely.",
        "The best part of the results is that the explanation provided is reasonably clear and guides the reader towards the observations of note. ",
        "The best part of the results is that the interpretation guides the reader through the results, and ensures that the Figure is used to evidence the statements made.",
        "The best part of the results is that data has been presented, consistent with the methods provided. ",
        "The best part of the results is that data presented is pertinent to the study. ",
        "The best part of the results is that it contains experimental data which is presented well through Tables and Figures. "
      ],
      "negative": [
        "The results could be improved by including narrative text to guide the reader through the results presented. I would suggest using this narrative text to highlight the key figures/observations, around which the discussion will then be built. Note, the discussion should be distinct to this because it should use that develop the narrative text in the results by providing wider interpretation of the meaning of the findings.",
        "The results could be improved by including further narrative to guide the reader through the data presented. ",
        "Aim to ensure that units are made clear for all measurements presented within Tables. ",
        "Aim to ensure that significant figures are considered when preparing Tables. ",
        "The results could be improved by including regression analysis to assess the trends presented.",
        "Aim to make the analysis of results more comprehensive, by going into further depth with the data available and including interpretation of the results presented.",
        "The results could be improved by being more selective, as currently, the results section is longer than recommended by the rubric provided (it should not have exceeded 3/4 of a page in total including Figures/Tables). ",
        "It should be noted that an appendix containing sample calculations is missing, therefore, it is difficult to assess whether calculations performed were accurate. ",
        "An appendix section showcasing sample calculations performed is not included, which is reflected in the grading of this section."
      ]
    },
    {
      "heading": "Discussion/Conclusion",
      "nickname": "section4",
      "imgname": "discussionA.png",
      "imgdata": null,
      "positive": [
        "The best part of this section is that it highlights the main outcome from the study and identifies key limitations.",
        "The best part of this section is that it is well written, and provides the reader with a statement of the main finding to start with. Limitations are included too. ",
        "The best part of this section is that an attempt has been made to assess errors.",
        "The best part of this section is that findings and conclusions are clearly stated. ",
        "The best part of the discussion is that it aims to provide further explanation to the reader than available in the results. ",
        "The best part of the discussion is that it interprets the presented findings and guides the reader to the outcome of the study. Limitations are discussed which are generally sensible/reasonable. ",
        "What is good about the conclusion provided is that it is relatively clear.",
        "The conclusion provided is clear, and consistent with the aim of the study (at least the one provided in the executive summary)."
      ],
      "negative": [
        "The discussion could be improved by estimating the likely magnitude of the errors involved and whether the study findings are still supported. ",
        "The discussion could be improved by providing a more in-depth analysis of study; for instance, which were the main outcomes from this study? What was the magnitude of the limitations discussed? ",
        "I would suggest explaining why a given error is realistic (as opposed to simply listing possible sources of error) because it demonstrates that the errors have been assessed and stating whether the study findings still hold true.",
        "Aim to avoid being vague with statements such as 'some technical errors' - which errors? Why are these errors of importance?",
        "It is useful to ensure that this section demonstrates the link between the aim of the study and the outcomes from the study.",
        "The conclusion makes reference to the introduction aims. While it is useful to ensure that the final conclusion, and original aims are mutually consistent; it is best to avoid simply stating that the aims have been met, instead, state what has been found following the study.",
        "A discussion/conclusion section is missing from the report, always aim to include these sections because they emphasize the key outcomes of the study to the reader and demonstrate your understanding of the study outcomes.",
        "It is useful to ensure that the final conclusion is consistent with the stated study aim because it demonstrates that a study has been designed and followed through which then meets this aim."
      ]
    },
    {
      "heading": "Presentation",
      "nickname": "section5",
      "imgname": "presentationA.png",
      "imgdata": null,
      "positive": [
        "On a positive note, the presentation of the report was good, for instance including structure and sections appropriate to the report.",
        "On a positive note, the presentation contains the main sections expected of a lab-report, and these follow a logical order. ",
        "On a positive note, the presentation includes most of the main sections expected from the report. ",
        "On a positive note, the report is well structured, with good use of numbered sections to enable effective communication.",
        "On a positive note, the report is presented in a logical order. ",
        "On a positive note, the presentation is consistent with that expected of a lab-report. "
      ],
      "negative": [
        "Aim to place all equations on a separate line and referred to within the text.",
        "Aim to ensure that all Figures and Tables are explicitly referred to within the body of the text.",
        "Aim to include a short caption for all Figures and Tables. ",
        "I would suggest using references which are reliable publications (e.g. textbooks or journal papers) rather than referring to websites for which there might be issues regarding credibility (such as wikipedia). ",
        "Aim to write in the third person passive as a norm, so avoiding statements such as, 'we spun two counter balanced bell cranks', instead writing 'two counter balanced bell cranks were spun’ (or replace 'we can draw the conclusion' with 'it can be observed that').",
        "I would suggest avoiding contractions in formal reports, for instance write ‘it is’ It's instead of 'it’s'.",
        "Aim to keep to the set report limits, the main report should not exceed 3 pages (with an additional 1 page appendix allowed for sample calculations)."
      ]
    }
  ]
}